{
  "system_name": "Ultimate AI IDE - Adaptive Development Environment (ADE)",
  "phases": [
    {
      "phase": 1,
      "name": "Foundation & Core Integration",
      "duration": "4-6 weeks",
      "components": [
        "Claude Code CLI integration and wrapper",
        "Basic project structure detection",
        "Configuration management system",
        "Simple remote storage interface (Notion API)",
        "Terminal-based interface"
      ],
      "deliverables": [
        "Working Claude Code integration",
        "Basic project organization",
        "Notion logging functionality",
        "Configuration persistence"
      ]
    },
    {
      "phase": 2,
      "name": "AI Agent Framework",
      "duration": "6-8 weeks",
      "components": [
        "Multi-agent orchestration system",
        "Context memory management",
        "MCP server integration hub",
        "Extensible plugin architecture",
        "AI model abstraction layer"
      ],
      "deliverables": [
        "Multi-agent task delegation",
        "Persistent context across sessions",
        "Plugin system with marketplace",
        "Support for multiple AI models"
      ]
    },
    {
      "phase": 3,
      "name": "Advanced Organization & Automation",
      "duration": "8-10 weeks",
      "components": [
        "Intelligent file organization system",
        "Automated backup and versioning",
        "Smart project templates",
        "Workflow automation engine",
        "Advanced search and discovery"
      ],
      "deliverables": [
        "Auto-organizing file system",
        "Continuous backup to multiple destinations",
        "Template-based project creation",
        "Workflow automation rules"
      ]
    },
    {
      "phase": 4,
      "name": "User Experience & Interface",
      "duration": "6-8 weeks",
      "components": [
        "Web-based dashboard interface",
        "Mobile companion app",
        "Voice interaction system",
        "IDE plugins (VS Code, JetBrains)",
        "Customizable UI/UX"
      ],
      "deliverables": [
        "Cross-platform GUI interface",
        "Mobile app for remote monitoring",
        "Voice command integration",
        "IDE extensions for major platforms"
      ]
    },
    {
      "phase": 5,
      "name": "Self-Adaptation & Intelligence",
      "duration": "10-12 weeks",
      "components": [
        "Machine learning optimization",
        "Predictive project management",
        "Intelligent code suggestions",
        "Adaptive workflow optimization",
        "Performance analytics and insights"
      ],
      "deliverables": [
        "Self-improving system behavior",
        "Predictive development assistance",
        "Personalized workflow optimization",
        "Comprehensive analytics dashboard"
      ]
    }
  ],
  "technical_stack": {
    "core_language": "Python/TypeScript",
    "ai_integration": [
      "Claude API",
      "OpenAI API",
      "Local LLMs"
    ],
    "storage": [
      "Notion API",
      "GitHub",
      "Cloud Storage (S3, GCP)"
    ],
    "frameworks": [
      "FastAPI",
      "React/Vue.js",
      "Electron"
    ],
    "tools": [
      "Docker",
      "Kubernetes",
      "Redis",
      "PostgreSQL"
    ],
    "mcp_servers": [
      "Notion",
      "GitHub",
      "Slack",
      "Filesystem",
      "Memory"
    ]
  },
  "key_features": [
    "Claude Code integration with advanced workflow automation",
    "Multi-modal AI agent system with specialized roles",
    "Intelligent project organization and file management",
    "Remote storage with automatic synchronization",
    "Extensible plugin architecture with community marketplace",
    "Cross-platform IDE integrations",
    "Voice and GUI interaction modes",
    "Self-adapting system that learns user preferences",
    "Comprehensive logging and analytics",
    "Secure, privacy-focused design"
  ]
}